"x1","x2","x3","x4","x5","x6","x7","x8","x9","x10","x11","x12","x13","x14","x15","x16","x17","x18","x19","x20","y"
0.273856207444503,-0.036672201779096,0.854726937504524,0.967524214701756,1.41548975273268,0.523405872097659,0.56268817936726,1.11122332712396,1.64082139108541,0.618706707445803,0.999934827419799,-0.0784191603765545,-0.603326103942687,0.0332316788370116,-0.700884530699312,1.15783793088888,1.45781559335195,0.774906992171236,-1.26851773908902,1.99358000863254,-1.27488603195869
2.24481689268639,-0.546030016142993,0.23406506726493,-1.33503042666267,1.3130758167705,0.521274584820675,-0.610034625097462,-0.861396505196466,-0.27046346058683,0.230082533746431,-0.105708978645508,0.163141221429295,0.762076611235272,0.678120034658062,-0.528266982696816,-0.87915477122761,-0.472913401951692,-1.11717308722471,-0.737732128702542,-1.07879293256602,1.84342510323916
-0.125423034417563,-0.606878201926287,-0.853921693817499,-0.148777202613475,-0.66468279011433,0.606616412277758,0.161720650046395,-0.862721652491622,0.604210153471434,1.19397681336983,0.501250938134614,-0.945205919809937,0.398902631211981,-0.764785046610817,1.28540187145122,0.644876709820694,0.179245528241142,0.0447375641475657,1.10530710799217,0.304054516129315,0.45923631556268
-0.54357344128812,1.10835827274681,-0.104247994046094,1.01652622766499,0.69990417711699,1.65501641973393,0.489963464198278,0.0233820879641371,0.256030370191788,-0.127313964536315,-0.0626284627126575,0.641954680800406,0.0754819840132362,-1.37846439752932,-1.0247390457468,-2.1183615202707,-0.469534506028022,0.697796161566865,0.865636177131047,-0.789489511219237,0.564040738165436
-1.45939839398061,-0.274494522530397,0.111905961611328,-0.851787699888158,0.315283867023526,1.05074928232857,1.38635752951112,0.284501037678726,1.14049759930895,2.68134597466573,-1.01473386489479,0.367043721804833,1.73759744520768,-1.2661270561515,1.45199945278547,-0.789475641702451,-0.984385965703637,-1.63700992715094,-0.582916804830087,-1.52891036229226,1.87296325806198
1.06320807488699,-0.753523174711692,-1.38255341242837,1.07622698480168,0.370033104002747,1.49872123762419,-0.360452532125179,-0.214215705717881,1.82664830772735,0.871122474719113,-0.0637292778807991,1.00507109933515,0.315207863881172,0.536718457161079,-1.26242272222612,-1.58486615366365,-0.631499126341178,-1.87874350371747,0.450428698039733,1.44226426241522,0.527531732089232
0.115844992014276,-0.966302384188801,0.274179179651271,0.0185310251454063,-0.210387227929533,0.544089446635639,-2.50548936681868,2.19626902858519,0.59252698023899,-1.08759703323555,-1.46460447546525,0.57271842485202,-0.62113071729262,-0.644862919259716,-1.35047314510719,0.383421591003648,1.2629832215076,1.56076929999962,-0.963394862349788,-0.245102026158523,2.43465886785111
0.389706727267654,0.399794284498825,-0.466669818239119,0.477628120062795,0.848291294661942,0.257435292454431,-0.099494846101807,0.999014244374147,-0.192535596235614,-0.404191348511082,2.20740008505155,-1.05877944937819,0.0957255874207629,0.661150265730257,-0.124705277787698,-0.436175599131596,1.55933293159113,0.705100585843505,-0.857781611654114,-0.732820633566933,-0.8945961209746
0.193157257863123,0.197234258722836,-1.24311803569415,1.90936069679463,0.114854591593851,0.451589685588059,-0.267140446449913,-0.273467792450906,-1.6111022650495,-0.32555752842962,-0.678700831487926,-0.479052036959549,0.40779123006399,0.276409257451158,0.034061862169581,0.686192441983629,0.529493421356585,0.876963374247079,-0.508150612804797,-0.835163783017199,-0.205938391661497
-0.0964255498023261,1.17715872690184,2.55154766265603,0.955689515208055,0.0255721083737314,-0.0456028254801544,-0.659452626751548,0.0391878771285303,0.171683893334249,0.643388199251565,-1.23755302893156,2.18024599853618,-0.526014097862977,-0.318712237026754,-0.725155287506575,-1.1938698768664,0.168373276826034,0.486037875848119,2.59468103483088,-0.847198859202136,3.11011884885933
-0.94198342944249,-0.652854315411587,-0.938181620632853,0.406895726799665,-0.829658343140349,-0.0616750001686973,1.3659787194056,2.65359620915275,1.00206809886296,1.04133811591443,-0.387386434494066,-0.411431773780334,1.46436406864783,2.17521869174458,-0.484862124846808,1.9288941157332,0.00154261984796149,-1.46628242155071,-1.11529209898974,0.587006509453683,-4.17985553158222
-0.0762892687624095,1.07242691640742,1.45853039053057,-0.63930611070872,0.813628054430233,-0.74447546618081,1.17654013552298,-0.0551003162437021,0.189869320725467,0.0651899003266117,0.0706319828284981,-0.22732351765365,-0.135802199079483,-0.367341579026999,-1.96110516771586,-0.484261882282337,0.29738787493299,-0.350304578013323,-0.332361341709466,-0.173004417119481,1.70014573437721
0.809649196970223,-0.0183513849105259,-0.654414225516508,-1.49043958405195,-0.828158872306366,-1.12278363555522,0.146559043603529,-0.399052152289976,-1.4014517846518,-1.12578886572904,-0.407665191797062,-0.969991443913499,-1.9904698468209,-2.46219146955525,0.45923910705422,-0.309528549864511,-1.20496319094908,-0.418779123850595,-3.06435498772679,-0.149619324384578,2.71341896402807
0.74727900895513,-0.524884045293033,1.4236374453838,-1.31833821364663,0.214661123638125,0.912590709223148,-0.412410876334964,-0.719830058872636,-0.802276602091343,-0.940459048601605,-0.594541016286786,0.761264221022891,-0.0196171636980003,0.396673475033981,-0.599535260651564,0.237284715273538,0.889581131808279,0.0117061503368527,-0.0441699470608208,0.0709817046476715,3.04202767290004
-1.41670129672869,-0.763140127105275,0.868967130340468,-0.778902203685902,-1.276504958018,-0.412160453338109,0.393163635643849,1.03121939718823,2.021869155226,0.315800136942583,-1.30537750548905,1.38433128182148,0.0286660138040508,-0.640484989696767,-0.74582716338694,-1.3118793398552,1.85255094540662,0.266773497476441,-0.519226413980162,-0.285342840010378,0.522335380794531
0.916808322011868,1.45581817379753,0.617047804912848,0.924846395461989,-0.826752588390756,1.5467850026826,1.04577603508772,-1.74054997456812,-0.971918210592847,-0.113988219792383,0.726677536657964,-0.919696566224955,0.336602030179408,0.7455960165479,0.269564172975194,-0.648792164570706,1.67902602370456,-1.41760369842147,-2.23509709932249,-0.601989371122817,3.58310767942288
-0.75413202558559,-0.824825283511846,-0.653447161271663,-0.296743765820434,1.18255290909483,-0.135126117790195,1.03248103903117,0.407597010735734,-0.155701053277342,-2.2789493599089,-0.850043063588108,-0.0132101469930385,-0.505180471551627,1.77640467013671,-1.01535762478836,0.0145984950910476,-0.647835647752632,0.890253806882392,0.62180524563031,-0.0144463917376286,-4.17317882541808
1.00901629859336,-0.105043257752352,-0.575589475276811,-0.747102267584892,-0.359610370028572,0.149024634936467,0.880064380714194,-2.19396667938693,0.744740762167459,-0.370674807095278,-1.36283254883802,1.63470284604422,0.798843585125753,-0.443415644945696,-0.540798258454989,-0.363145422812655,2.4228255168068,-2.38361741577941,-0.0282265646178997,1.20535583440782,-1.68427179854291
1.86171747368031,-2.07578220184628,-0.199113156501026,0.670275976548367,-1.0347944873714,-1.33552382370267,0.822158138455839,-0.538599656868847,-0.196361041319276,1.25375594154167,0.307783271774494,-0.616957825219647,0.222203850732545,-1.09557267802619,-0.392224376864539,-0.327538520566922,0.219984372714833,0.710120811403728,1.2971718889023,-1.48708286087579,5.3033149973319
-0.696004167282951,0.845570099029707,-1.00248565255882,0.529101361465526,-0.793522659500271,0.182698594590871,-0.587341007671628,-0.30906758192141,-0.409773503664693,-0.440145949098583,-0.351780911194588,-1.67218444912115,0.679844559734395,0.268922729336062,1.68112718842607,0.0553175972258811,2.56317322568398,0.292812835514623,1.20665391882855,-0.94886029156411,-1.26400794502879
0.505507693860946,-1.79153719515451,-0.137137477441306,-0.24604818252069,-1.84720781062925,-0.288922868947442,-0.976153854925228,-1.09582782497859,-1.42702017976171,-0.955619103641084,0.226742714622358,-0.907004206793677,0.371637760825847,-0.212575634678858,-1.26523296851482,1.26317285776171,-0.360055058354822,-0.114572238673794,0.351137482073202,0.653633858891453,1.73517012878565
-1.17492688368643,0.535664506486872,0.574848495173427,0.5683659124047,0.663768938970929,-0.0599903424228401,1.29057659183526,1.55592528753323,-0.576731043523645,-0.118087321519128,-0.251816052576465,1.02651726516624,-0.180867070477805,0.08526727309407,-0.76054238414435,-0.145217251447255,0.0608061284329148,0.302684908545763,0.0585892944886532,1.15170890479721,-3.48075844161381
0.246914608356666,-0.581433067365614,1.65696172031376,1.32081399396151,-0.669467337668756,0.921247244115548,-0.340300377641215,-0.0190926346415671,-0.190962634251491,-1.37410341728568,-0.241289329130791,0.461867552196824,-0.386515001091379,-1.08332302551013,-0.461315199097382,0.831410996878713,1.29599142290154,-0.18344816476211,1.30600893199783,-0.755858586555573,6.26592288459783
-1.89613011965395,0.487989759356288,1.58030992397205,-0.920222763569841,0.793179398514798,-1.30318517993267,0.619063328051595,0.975734741095818,-0.567911927160161,0.163979524902316,-0.0396600769385063,1.69352533615939,-2.31038404021135,0.633180953020973,-1.86791468686005,1.01773807104243,0.409267390070511,-2.42607899234253,-2.16038123284379,-0.138161335797987,-2.56676475884914
0.0598650394497882,-0.288702145932067,0.402694339289576,0.267935174868245,1.35770998349287,-1.85162198253089,0.494298954698597,1.9372329526521,-1.35626629123254,0.571253664489988,-1.70199599924993,1.06985414029911,0.154614245050699,0.208385484775836,-0.169881527989001,-0.445263687117716,-1.23070433902032,0.0363276526586893,-0.347222074659487,-0.655980312444002,-0.912013830684209
-1.49978500055228,0.948015649163439,-0.634743861330266,-1.21066072670648,0.504179440347165,-1.09960254951441,-0.0615886268530476,-0.220663618471907,-1.17008807799549,-1.68708290343739,0.979778419267449,-1.36662674325626,-0.923011138701667,-0.795909892967774,1.06284549910001,1.5414802985684,0.0959226134105741,-0.344452104543643,-1.10234451976164,-0.803214410843314,-0.751006785729847
-0.352830465459373,-0.236603765551558,-1.38707392645021,0.11017123742133,-1.39393867175447,-1.51285186469936,-0.16245884255875,-2.16461992214033,-1.53765310812874,-1.19549179140719,1.10455039863447,1.27378363568306,-0.41600006714668,1.35332753791729,-1.16069658007135,-0.661214861376634,1.9528922079674,-0.779896654846974,1.18775765272432,0.314884889403281,-3.66883533372402
-1.81849993188271,-0.761275310980207,-0.748429075712014,0.0559783891483592,-0.0562961244937134,0.142574641342857,-1.30796775532409,-0.248311532585943,0.331193517835215,1.83078505255457,-2.23932784158433,0.418891103838752,0.337986211864686,0.96583840033502,-0.00270665690496256,-1.24261678430722,-0.0278642123831258,-1.02653230770817,-0.0500239812054335,-0.682894819556998,-4.0007998788045
3.16192125529609,-1.23793956935979,-0.702360908377316,0.0780086167952578,1.62457786312747,0.0907288653840403,-0.227455938190754,0.628022339296555,-1.18912336214418,-0.177423059874184,-0.398573290920884,0.392365793435501,0.114552092571297,1.45105072132875,1.4385833387418,-0.157121869159803,-0.437132437806752,0.998663437111232,1.25534924287975,-1.183611688055,1.44023624442189
-0.455686430684038,-0.954399777379345,-2.5795862629687,-0.544679869570775,0.524462281213807,-0.894718114132061,-0.118764209789544,-0.752944493724349,0.461636960328607,0.207928767757689,-0.571187620935843,-1.97760127779171,0.216224939327685,0.362689917382242,-0.635098425965797,-0.588846708829979,-1.88520115023863,0.457889890807513,0.366199660740175,-1.00556154794052,-2.06202897560819
-1.83403638738453,0.881677979663288,-0.825593602251031,2.29037170495062,-0.503816355487744,-1.07311550708707,-0.139197861577612,0.691497664878531,-0.708489779734334,-0.130109640600388,-0.311724158384063,0.762186503719265,-0.735080276187296,0.0630741111453173,-1.05127383428534,-0.0832692351430601,0.587663353359865,-0.9319375573439,0.240855240092352,0.505316148394979,-2.89308765136922
0.849468646709612,0.444354065994558,-0.482678748121925,0.488278506709503,-0.399540648664754,0.918521261891089,-0.860391278836107,1.04701873502233,-0.233027518778341,-0.843584279103145,-1.44847762939855,-0.313367207907317,0.375116282332498,-1.02482848781651,-1.35779895863254,0.925323641542699,0.348298885245574,0.18090742984702,0.591244057186281,-0.90488369356436,3.12567428240168
1.25651371023008,1.13837840059819,0.276767739044391,-0.446497214020744,0.630168706583515,-0.311094143856995,1.09221304274443,-1.06521401437804,-1.16410024094345,-0.0108893815491961,-0.417278771979697,1.48763211974277,-0.705850022730995,-1.72202980276973,0.271737406210524,0.0238910040365908,0.676471466553939,0.337567547053213,0.961120573087267,-1.34497966055623,5.53217677193772
0.533238269828199,-1.1358514188425,-1.63099892775179,0.116352164814184,-0.17607113403718,-2.01879725263554,-0.716756032048972,-0.948408789284849,-2.1052374762841,0.285110835570463,0.688858319894544,-1.0498547721925,-1.64191688436921,-0.849596674109152,1.3441236957416,1.1212920043376,-1.43032353832581,1.0271699926893,1.24170361490502,0.565424911856043,-1.7407953012728
1.27412848005901,-1.28158198392576,0.604092203980074,-1.0552532507639,0.913649683753289,2.27527279317425,0.440406093279366,-1.43168249171376,-0.166212286416072,0.186809192078086,-0.0905778596719629,-0.338386484294644,0.384098541969358,-0.622815274114306,-0.481909771779173,-0.557453208223386,-0.396075526046964,-2.31416857425114,0.933040420074124,-0.564253794549603,5.45280503066267
-0.978256159051382,-0.924219096124441,0.03909339216709,0.995250488431529,-0.854847860595658,2.07916283549,2.08064730982222,0.110960127206109,-0.734449072686714,0.446253523748507,-0.975619748941575,0.158095759051923,-1.17423001619018,-0.613890177292518,-0.388434068259511,-0.775961274417843,-0.0104247310510443,-0.301829783482774,0.0213501362766561,0.25505431695065,1.84751668115537
1.72830504241787,-2.87889524325048,1.01403646824589,-0.219108002902573,1.0335720260315,-1.23460536347887,2.18573416482445,-1.2130515872333,2.41487199173335,0.98650062753357,0.667056783858573,0.833565200614898,-0.65492969704128,0.986055626728173,0.696617585890058,1.67019698413158,-0.263093467903494,-0.770948059314962,2.19007622440246,0.0544314041470725,-1.27558298485892
-0.0260090209582293,0.721130869869406,-1.62043176446499,3.11291183724182,0.385366669493457,-0.108039201004765,0.0866782679895744,0.326199910983168,0.828464658481415,0.953902738206196,0.465018377418759,0.391227763016679,-0.156942940866075,-0.207214274897331,1.40292301855232,1.14302593810642,-0.53559024401363,-0.153735562943926,-0.259660060377528,0.298459698602885,-1.06731436359299
-0.293206190587227,1.1113797752171,0.955357406304192,2.47311382359433,0.284361506769806,-0.585198609166986,-0.656312531248397,-1.59081169250801,2.16269049261067,-0.0178433310781814,1.30287621341081,-0.130591007385621,-1.14856036546672,1.75718527688754,-1.76079701337016,-0.755305441907176,-0.195069727111589,0.230655979793704,0.801177080673191,0.131105523501017,-1.73760513546829
0.321864887310657,0.493032088738059,0.433550316971498,-0.916615418003088,-0.737710471854404,-0.642234929013317,-0.703234420934156,2.17497392642832,-0.413132176520477,0.634480716302367,1.9194337138206,-1.38115002509953,0.379210639703391,-0.122700786354579,-0.455727633615022,0.657642552643451,0.269681229765261,-0.417251674595406,0.28626591562328,0.106351519622281,2.89056286364724
0.589601385062281,1.91048816552635,0.63885139869166,-0.00861332704823776,-0.939021705554624,-0.198581002901274,-1.60618419887544,-1.02790915270392,-0.066441550849879,0.918364758972357,0.977246566081768,-1.43214859191924,-0.131005161417586,-1.13926922375261,0.556133326046465,1.23679268372689,-1.69418590703725,0.454103797740677,0.236281713826326,-0.307431273587189,5.01498857928119
1.25533052340145,0.342701451174279,0.808550058530894,-1.66606337424371,1.75293812269621,1.02303544187943,-0.181561109708889,0.205506014316109,1.04205130772828,1.44398439520967,-1.67543752146724,-1.36265770379703,-0.276585298182517,-0.500199969386733,0.909051737951046,0.969135725064105,-1.04852561273634,-1.41831107606649,0.432024938107326,-1.27340701648458,4.44293906975649
-0.988812202777334,0.0040270111073786,1.46539479599065,-0.0091018124480025,-1.02387382148599,-1.68145673369001,1.97923220479701,-0.132036608182369,0.813280850812479,-0.867476886774158,-1.17703800416678,0.0518513832274923,0.536424513704611,1.34632920721149,-0.246644024463852,-1.21466195998806,-0.879739286662119,-0.415648886097474,-0.395223942580523,-0.254556730676825,-1.68041773622904
-0.311745928547791,1.7072111187115,-0.0755266396493468,-0.660726847284053,-0.886117974637542,-1.04314134701496,0.420222847224799,0.407762063745821,0.151455925048234,0.562387840221166,-0.191324227900154,-0.115653649062738,1.02340070431204,-1.28395069684613,0.745032464665668,-0.879872225333195,-0.715749330182496,-1.07936917265281,0.431390177894896,-0.0991685832762514,2.4295159218935
1.40197010967618,-2.40827797727488,0.454523098141284,1.2019545300898,0.465990217155428,0.898587249581772,0.387253353610746,-1.19535089117827,-0.729542845150667,-0.904352172455497,-0.526397272962171,-1.50802498656234,-0.650207644545078,-0.0291759688380332,-0.413490403973007,0.495071133564036,0.675974321356044,1.12588759428088,-0.732803103878809,-0.57703427159543,3.38612723427831
1.22284913088032,0.666164032696407,0.900271345333632,0.965334607511614,-2.68543062857132,-0.118444666354878,1.5777428299956,0.355008344910167,-0.111257112240381,1.36888279670145,-0.600798180874183,1.05289489887281,-1.04505166442953,-0.1182619349848,0.211602510739406,1.41464015797884,-0.124022150505464,0.768727099452319,1.12435219817314,0.18976484375065,4.70594554439949
-1.24153959889039,1.71000943432548,1.68485305832054,-1.03572697884434,1.57331224571118,0.649935501275439,-1.5619317715992,-0.317674923919809,0.0206888320747084,1.64921140418044,-0.413821906423743,0.624863242442626,0.865322533480648,0.245626080903828,-0.272146344860666,2.13515348931695,-0.556962397535267,-0.843245885565188,0.179347722378022,-0.152786985645033,-2.81310139695326
1.36366767621065,0.0283119164231682,1.46187793717392,2.61417411176738,-0.799400209869018,0.425915181356144,0.152598185884214,-0.881765622117174,0.859245655678883,0.572838999806655,0.626843090039838,-0.971549505416084,-1.36495881093721,-0.331546103489994,-0.399403750283326,0.93859342351282,0.610697188483085,-2.47142929733057,-0.289543299576137,-0.741584505493347,5.24274318040352
-0.455773435801759,-1.13756191200553,-0.445400240296447,0.943563570041481,-0.180880802750629,-1.29206481389473,-1.04213028043921,-0.969754320395442,0.639483795386125,1.00049762524589,-0.10088754984616,0.582985119528237,-0.54179249399851,-0.126181584545142,-1.17144275084267,1.22799530043366,1.02759227419178,0.0435431570191354,1.39713001034131,0.0523935324831789,-2.79509181046727
1.08381292540755,-0.427136533272075,-0.170942066278103,0.0121986142083453,-0.855594212894735,0.374782547978267,-0.900288279617532,0.432458307138193,-0.251703494671416,-0.160596658268209,-0.519857790505829,1.47209547771623,0.896312640389972,0.270633487240641,-1.03189013777765,-1.8447882877246,0.603736085055394,-0.155348604773572,-1.72283805091332,-0.321862214120637,2.94334792656806
-0.0605714464506548,-1.8436328566779,0.956836734847006,0.385113466053637,-0.13535429815988,0.0803886528977342,-0.21398073047476,0.314285989873926,-0.777569390361644,-0.307173878271144,0.448151930428544,-1.46584123421769,-1.39414661981901,-2.23659507105305,-0.166628736687892,1.20070648097599,1.18955153158735,-0.691325550636565,0.807707803193653,-0.0426903550803495,4.029735182272
1.95686072541338,1.9564673689393,0.266840348255496,-0.757979250691139,-1.43763959687218,-1.45793309531131,1.21996527303471,2.04965272076458,-0.853130221282545,-0.286770131895987,1.87903546264481,0.375539814809844,-0.602964703915958,0.953203333975297,-0.911206916412832,0.492707231420853,1.78695425220146,-0.691739672092991,1.29922243691453,-1.27857876155367,4.78821270596234
0.208764430301538,-1.60420558941809,-1.48506506787287,0.330363405583337,-0.757981746890006,0.402462197670179,0.0820539605995427,-0.0439427997009636,0.00771479679183497,-0.211553902273085,-0.971649422093961,0.363845917979794,-0.913483132010666,0.252248251868974,0.770736470387369,0.804113273140514,0.278254779501152,-0.263958435511815,-0.710256861039492,-0.753790811936257,-0.104873704923682
-0.0609104851063286,-0.401063558898297,-2.63061483849689,0.994835574153596,0.0577673555362238,0.526870785079879,-0.724649593374088,-1.89843742670639,1.43906184818053,0.458919019798053,-2.19429571307065,0.0407453925874218,-0.964417935868955,0.699920325146655,-0.213364431876113,-1.43168740893658,0.155268976826211,1.18143286802386,0.529007809899343,-0.131507031316693,-3.37382560163273
0.0479377946881908,-0.68238312519775,-0.982051571159994,0.809937657901133,-0.0845125988038,-1.43037037325781,0.221497338429761,1.20528272187985,0.584147819319417,-0.541829128442428,-1.11394770101168,-1.02142640904968,-0.658586994213721,-0.987250778465459,-0.626973935198293,-0.816080620105349,0.435592367027571,-0.729584905995168,1.28163636862116,0.174749647297636,0.833041405563335
1.59534777847875,0.141249591167048,-1.39275532421938,-0.326564444113002,0.353760511957998,2.26355513319988,0.322117901632102,-0.580763046176868,-1.26265094212537,-1.41797086428641,-0.874133363052523,-0.271916423196484,1.15852680109897,-0.701452973559545,-0.923879773713501,1.87087208636581,-0.37008986327386,-0.92706918759142,-0.47910728488318,-1.08540881340541,3.16275310128282
1.55003623629665,0.629237114227703,-0.494874994852019,1.35002400079176,0.0748046538315752,0.47055919051463,0.26182714172689,-0.56741237545119,0.106232374766145,-0.895502519165606,0.966423863089819,-1.21908308251375,0.180635704605299,-2.25236662284165,0.24087419865652,-0.349067399378507,2.25831486618014,-0.601087684391727,-0.539950013921897,-0.175164022242605,2.76915437657991
0.739950548825545,0.422671491842258,0.282565724320462,0.0252540227606795,-0.96639589213612,1.18681907740826,1.24646734686802,-0.107357892847182,0.301307843882229,-1.48529739898143,0.440267419756453,0.116173765459116,0.14268927298613,-1.73506800926756,-0.572629233942057,-2.22929289258803,0.264110706897241,0.632982976516442,1.07582875416584,2.517910884722,3.24969089146869
-0.152899450558034,-0.399889031431797,0.229180293599742,-0.100207211614467,-1.91423344376341,1.2822104509804,0.936191137802847,0.665566466318913,0.730533098171168,-1.30401961821487,-0.903732590797126,0.863896448858506,-0.438423962808966,-1.54349729485192,-0.83801857139615,0.602399620267423,-1.9424813131152,0.841712237120029,1.452735245724,-1.05739605694814,5.38435576611305
-0.480774640286938,-0.112832261955056,-1.57723235116823,1.63468356861177,-0.447509742417772,-1.33595628725721,-0.835785454915303,-0.667029077616192,-0.38133295661875,-0.0674813375401042,0.143742045071371,-0.0596658969927958,0.991860828431931,1.92887611703292,-0.387401261452768,0.51077547334481,-0.38696093783878,2.07892287950386,-1.49894366635237,-0.714815940265108,-3.01579713203092
-0.446845696668647,-0.378193234473879,0.223883167812648,0.120817272320312,-0.660011985619802,0.320869755188978,0.225268378336963,-1.26140039127561,-0.419284088778079,1.46242302336873,0.55407869055599,-0.123203549454958,0.589071519058694,-0.770343307176377,-0.632393091186424,0.731109690248918,-0.2307034376377,0.632792481010738,0.375775891100876,1.50651180130862,0.962725207944861
0.220523578918624,1.46000352817275,1.47488389451548,-1.03079717257127,-0.820086440810247,-1.08546204350677,-1.96322277876661,0.611056936945936,-0.0856907116869529,2.03067038516693,0.260953490782883,-0.134315769216459,0.122580335186365,-0.811322709864129,-0.0981091428200048,0.567171035132151,0.166512219612771,0.534832273221319,-2.83996473742519,1.31842654737676,1.71212835244446
-0.186847564102154,-0.855846236883277,-0.504343442548662,1.31873911001313,0.568716110600615,-0.590352435858134,1.67345843146631,-0.974275977378361,-0.305988482395025,-0.629962375451263,-0.0389818314987491,0.328961996563533,-0.892732464862759,0.6314523081906,-1.01299190932119,-0.84681875222135,2.2812776457863,-0.396769805722602,-0.17010997686475,0.362384432116595,-1.74059882606484
-0.462719465365117,0.763261761639426,1.09868866638728,-0.752542040515773,-1.56333813136539,-0.0760202002987871,0.103700183222908,0.697780116264688,-0.172221990870649,-0.0460944717402586,0.387514980021676,1.09087429155335,0.266780688732293,-2.42555530386586,0.292953895640668,0.610745275159585,-0.665292348036788,-0.493942056655912,-0.513470075355577,0.464806439971161,4.21613429450899
1.12932934860095,-0.47761278295517,-1.1841385447812,1.94495032855684,0.39761585102727,1.08986728638742,-1.84881072938261,-0.314679761285995,0.368000611750672,-0.608782330431485,-1.41790479132597,-0.0511353068409533,-0.860924556863242,1.8269647720128,-1.03464830985379,0.893981545521465,-2.01322205748842,-0.373639048614075,-0.818226244514762,-0.986929892596752,-0.448859761238955
0.650467832700602,1.50628757802239,0.559220892854754,0.646622729302395,-0.241184338701108,1.21390119587904,1.44749024051339,0.726975261227751,0.690622306515231,-0.304273708143507,-1.91616898665167,-1.28343345334855,1.95274799094355,-0.461280703364826,1.28867077793202,-0.803591807800544,-0.0644349154294264,0.156776107384916,0.146685517902326,0.120892728460919,3.93492646058891
0.0218855205408524,1.15302850034267,0.58975756160086,0.52284758284033,-0.151662796423953,2.10951324055962,1.13479427222544,0.347758103616198,0.416561455159609,1.46460242255874,-0.829827658088243,-0.874574026206652,-0.70661211565925,1.11108228383911,-0.620572293225716,-1.44596616685657,0.837998638377407,-1.18555134670787,-0.612401604568894,-0.570309669021958,1.27463240360548
1.43074970968068,-0.462380578111351,-0.763337847944802,1.21855415777689,-0.144975858137624,-0.586251966295829,0.28386987848446,-0.58011506051046,0.469559078774248,0.716403085921291,-0.0279452358994628,0.254920192229204,1.21488143326183,1.46740959485364,0.382228220448773,0.0469444276478085,0.992109199368469,-0.0919924806036624,1.2116282966251,0.15972386499091,0.279513889137621
-0.471389066256887,2.22878632962026,1.43005861029535,-0.422965944418844,-0.705360536321777,1.82212361523061,-0.759904458804462,-0.591647249593223,0.406522750741025,-0.848076997340906,-0.327572484111923,-1.64451290932415,-0.553823396169657,-0.366153708906292,0.0102402890366879,-0.923290911522614,0.809017478001353,0.440118803348495,-0.323277727206965,0.943447315849176,-0.0811827839685548
-0.198454186147328,-0.381236860145321,1.28403731316374,0.160727455982395,-0.134558966072704,-0.624903111092264,-1.70906581421634,0.60157834057088,2.16546542855883,-1.23710286924041,-1.08717895341046,1.03865764439273,0.900800508142745,-1.97306945893888,-0.0578819760558766,-0.198237472100714,-0.48991211843091,1.09077914236216,-1.52135985963298,0.503596553412721,1.46993802668759
0.754614363216477,-0.270479393843073,1.25003602751278,-1.34504261308841,1.8198094476092,-0.293567650576978,0.207490682643208,-1.33538498792914,-1.83171084578747,0.960715166671445,-0.379947607720597,-1.61271540269747,-0.0915904334223011,-0.688811776827638,0.797543281333536,-0.0281186102252473,0.359415571004924,0.594249646523093,0.40855641564504,0.101560015614577,0.351257459221261
1.77001712581763,-0.476692102601824,-1.15946095675912,0.153178089037739,-0.0326154692711829,0.183572935624985,-0.328566171118381,1.48877461569195,-2.88985029391954,1.05355777943548,1.92317456319887,-0.696825197066012,-0.633913061869664,-0.0346541365280485,0.523928593350026,-0.764725256419012,-0.193973882580795,0.721921536271782,0.189430787181758,-1.77060930823652,5.89639515900785
-0.412708670725309,0.710096471321059,1.46622885223942,-2.05928119882731,-0.991475233473189,-0.364905607304493,0.497721102312757,0.669703782949911,-0.110366028591796,0.265806856409026,-1.1319759480912,1.40546377293452,0.670102959534624,-0.995274357731124,-1.31901287101029,0.418978493743138,-0.261660395014126,-0.606789447561743,0.384968520931677,0.816387804668174,1.3728698587127
-0.343650329344964,1.08514782594814,-0.24648879355453,-0.561056575865195,0.77017722849689,0.0436387335423728,-1.20531053711128,-0.922649578584811,-1.77813451748759,1.1869195116462,-1.75159636019773,-2.44166886753447,-0.653727201778782,0.18069128546461,0.934842203459043,-0.524279210133209,-0.717716366430477,-1.99705894225146,1.29938561139974,-0.520141792344796,-2.1561879216987
0.190204200780166,-0.578532930054981,-0.369463126463117,-1.37064497594725,0.381789438960944,1.55467484157753,-1.08415932825212,0.215303725587503,0.495530064531812,0.809236966369318,-1.17189939016352,-0.202844083449005,1.1534893212714,0.390595012762367,1.01509354698934,-0.463230000247669,-0.377570915874488,0.0469504606786842,1.48371375127759,0.681886194500108,-0.67755588651167
0.724347413109047,0.433293370290925,0.673370133019715,-0.712811662053238,-1.23334646986375,0.869269552133972,1.33017513063763,-0.414666583383377,-1.03658634181582,-0.444857470942617,-1.40507464254096,0.194147576294516,0.29187328081143,-1.73841661033819,-0.338788705833753,0.537127068473183,0.224913904243461,-0.445706812788214,0.456009804777668,0.774273842197533,1.93778117572862
0.966058846776072,0.027276673006142,0.323330020252102,-1.79326646908198,0.238000171612873,-1.15199968744041,0.66483251263882,0.730004145055638,1.25479912929786,1.63019039553793,0.805073819158168,-1.1529309048897,-0.21921411821452,0.275891098879921,-0.403880207827811,-0.0210787197748874,-1.48430434834444,-1.10612530482135,0.961387080753616,0.177920153566045,1.13990744134656
0.651637948184663,0.206434190313796,-0.126959356669887,0.935772023180675,0.0927012266929792,0.276343680593951,-1.8072720137558,-0.737222157643903,0.433853396981645,0.544012637404257,2.28308041695592,1.50489990746925,1.68032193914457,0.680235098888798,-1.216017870454,0.592282275537646,0.800688030629124,-0.801143431550209,-0.350010649757495,2.28071859147998,-1.98512729697249
0.435429144925779,-0.299007656505102,-0.250903189985598,-0.582734576518564,-0.539853088995285,-0.558257517757211,0.514520971894665,-1.05314134458594,0.223700062531479,-0.0866507992943054,1.48187381654059,0.637855961337285,-1.1995701774818,-1.24718557397563,1.40586286233407,0.713648147804437,1.0625687317329,0.11753922707959,-0.722714091467735,-0.285513677367012,2.50814660131822
2.32600198189837,1.0542053321619,-0.418054601602944,-0.119737306311983,-1.75180288889132,0.874962413255575,0.744103905346723,-0.610799312664182,0.525031905470231,0.842607894147583,0.048292211676346,0.657279233215879,0.0140849948083788,-0.372801081790932,0.968787979760728,1.51460366906594,-0.969846296289096,1.33476916206959,0.211949929411825,-0.230892225792263,6.11767177283067
-1.31002034154393,-0.312330273121048,-1.24024992474358,0.116827303560313,0.718685275228086,-0.0895531533773457,-0.3067132212293,1.89453347442353,0.0740623831049782,0.173957190303947,-0.240773400173152,-0.874205261945932,-2.09492544791915,-1.31104693071806,1.16561104503259,1.20423656623622,0.331001413869602,-1.72719811134217,0.741545023497531,1.10226205620032,-1.36087870217716
-1.12367538387488,0.939051041516592,0.724836279423398,0.217200935721648,-0.551107755383666,0.65423013951124,-0.523152402617118,0.505933535238856,-0.222922233188522,-0.108198451857403,-1.71014188995533,1.39094873297985,-0.517616546140124,-0.971438401798193,-0.496169448862825,1.66396430257756,0.592356141146787,0.0541886376851136,-0.0638944313788845,0.560647167442103,1.4944802149898
0.771704957344734,0.434157761345277,0.255868927855839,-0.52080938165204,1.56654529712412,-0.900719451849877,0.549519193810983,0.878177306772462,-1.25279264862269,-1.01338725561181,-1.15993658033688,-0.483847207539026,-0.395605214500926,1.52293135516511,0.181465914106846,-0.677237527402621,-0.174162202884863,-1.21182107059632,-0.0585879850437506,-2.34577712407818,0.22007889586201
0.418358389022197,0.0506749701108666,-0.436535548570126,0.0106155793199871,0.392477999503498,0.0525297977518677,0.0698927074812599,0.0136206960491372,-0.50275298207833,1.4602651057921,-0.861571183178397,0.0528173684073667,0.710660011825569,-1.69583400115393,0.696117062279713,0.74904425010556,-0.61630267527187,0.0456401270990335,1.32244150732308,-1.54629008569164,3.34452839738744
1.27051399900169,1.51940299647922,-1.01737906529687,0.172793432958818,0.546202734409706,-0.911391579442917,0.515692859903676,0.276669696611399,0.398244924904535,-0.287943775992369,0.418321373027919,-0.59051271240142,-0.0314321581184302,0.555503812202553,0.834870692771924,0.247726019962469,0.129811001059563,0.5983572416325,-0.07199468395536,1.18598278663541,-1.51870398140463
-1.48578494370753,-1.31654848718166,1.63568979958702,1.40698469507377,-0.96541429284115,-0.653326744472561,0.437991772891555,-0.700594371819923,-1.45182975238439,-0.217272364796798,-0.856443702555918,0.0852591620066388,1.24966876111158,0.0591764293592248,0.30538057796962,-0.240658488383928,-1.43063867013548,-1.43537734738398,-0.187845553286668,-0.972855648431218,0.706354768439591
1.41464281477416,-0.928119476374438,-0.399631321850464,0.213634833794199,-1.29620475947076,0.59467825944211,0.0234050809675681,0.59126770807768,0.0498184454057414,-1.24917134928906,1.36220014769426,0.0302556182698352,-0.140572856058455,1.05443287382077,-0.412124260946478,-0.248744857062485,0.188519087348553,-0.184126662670868,1.73370161943726,0.13558985454485,1.8930040986949
1.31179445198912,1.93427466661522,1.5764603031343,-1.12708711255841,0.929573444350472,-1.5172805947025,0.949568044663512,-0.135062914639728,-0.472571060744177,1.65279009386003,-0.344270412934531,0.177415215607209,-1.62162222075161,2.33006528646549,-0.43171565843341,-0.296671089316597,0.333609631748338,1.56140935174449,0.523855490161075,0.0456313142369957,-1.19202558000887
0.63967503939376,1.00262066325392,-0.470802375370779,-0.553156665672183,-0.783199874578241,1.19044910942198,-2.13499711625258,-0.593998280457172,1.98557575808538,-1.43859924547601,0.16471321774271,-1.99929106214103,-0.98348225010805,-0.613489303838668,-0.00650415473385969,0.444186771229829,-1.66950588370666,-1.16634073107085,1.65511885900227,-0.221137874296958,2.11070841782041
1.1373121720121,0.779824116369828,-0.12477807360127,0.726133114564483,-0.862750742567102,0.451425762836254,0.119129167048202,-1.12514476023892,-0.70267078790048,0.219153888535902,-1.07909155262735,0.14742351787082,0.0399894028890636,-1.23751612379947,2.00063974698035,-0.0523413494233804,0.188962103157533,-0.0866603135550793,-0.784796233472089,0.683410534971045,2.48075147379848
0.223052827646988,-0.750934716488311,0.549575110435376,0.405817416942179,0.0411157553314881,0.236369397836289,-0.783249455230407,-3.63672760565443,-1.22922647821416,2.28503426771012,-1.66896276978717,2.3416197957324,-0.846978835387351,2.09900014128664,-1.54003843013085,-0.175545795793322,-1.16686073812134,-1.31287143735196,-1.43523737802431,1.00245370162821,-4.74435304094856
-1.68970195757865,0.012508902924978,0.860274242994504,-0.564131455992466,-0.102142008526685,0.946458933830986,1.19114299479007,0.0972057739514852,0.20120210571319,0.328277314436196,-0.520564317703519,1.62075943034094,1.14974902464443,1.23480482891746,2.25017854723498,0.954588160175011,-0.52839051596008,-1.46708525655908,0.903802089344198,-0.599269900098586,-2.12334157814763
-0.732033887214069,0.132661337789623,1.61038579184646,-0.0646362878503381,1.42996031129886,-2.18116209817493,-0.0840629310591911,-0.302294655534019,-1.73868365732235,-1.65110012634123,-0.560070232949305,1.3560185284608,2.75605763290248,-1.1899198390782,-0.813771237829753,-1.11074564545941,0.154404895269282,-0.746866033089674,1.80880714916578,-0.059224334624038,-1.38994117005565
-0.564562740990852,-0.330606311956591,-0.0640129014099094,-0.665518953931539,0.498427543797971,0.153216810773414,-0.711691098851467,-1.12637099767303,-0.578124105487692,1.00128832519083,1.14604082133429,-1.34870865907357,0.533730684074568,0.381880299082026,0.0488781209076191,-0.299448854888301,-1.03274419068093,-0.78983196465213,1.00242384170559,0.480465331497851,-3.96469665629743
0.990530117250574,-0.781913297678883,-0.0206933510124791,-0.607005918550468,1.42915934345331,-1.30722769190645,0.616589996933067,-0.799011044914765,-0.804836717319897,0.274559762285885,0.350204488020162,-1.04770202243292,0.354765073595398,-0.875474887586532,1.54796593565191,-0.990836431918816,-1.32345230426618,0.256433709091836,-0.076270307165032,-0.393548510957033,1.20492092634377
-0.577303960841578,-0.852462875022879,0.365727792337694,-1.06860491577873,1.09601779909389,-2.78802833056883,0.88366364210643,-1.38647652472276,0.477753822623214,0.505988852592847,-1.02560501030334,-0.763058986373484,0.0299316984988655,1.13584106965825,0.391126050135707,-0.534296020319409,-1.10644631338125,-1.45909056464581,0.0172444039990005,0.613780858215174,-6.8574850361641
-1.6318284851982,-0.0935940630963397,-0.799562937630869,1.10015579056397,0.657608244908476,1.32245398111943,0.058805106576132,0.00469764460688375,-0.0142499000354734,0.483364655516024,0.47455914221578,-0.194074417367148,-0.544403215327899,-0.908923003836084,0.755647704515933,0.222131636643983,-0.948918835115333,-0.0799950968541162,1.64070823805464,0.65034087831353,-3.01411434442159
-0.59332408923295,-0.465276171085573,0.960478439925254,1.52945034510291,1.81446422501241,-0.342492022251219,-1.12542389134899,-0.149205825367921,-0.805910158324905,-0.559082401761724,1.03111528432607,-0.733304168128845,-2.71954418752116,0.214427995757602,0.354372411311667,0.393252520957273,-1.23861105946727,-0.593093698418677,-1.45618139992905,0.900698165351196,-3.21329756529944
1.5054799833425,-0.668687339454584,1.26371195036875,-0.406897374518751,-0.954262172785985,2.27246524102193,-1.38869644341981,0.619171582255533,0.23488917045977,-0.296662934661662,0.942890236215858,1.06159971647822,0.64849141598123,0.122469244111175,-0.676304369624014,-0.390561231096804,0.0541215534605907,-3.43253861349413,-3.19442171328131,0.107658159384497,4.50173294472998
-0.484087253217202,-0.615728458187521,-0.0291957743353218,0.849463103082336,-0.748716328839608,-1.18975963722832,-0.671887318438369,-0.919862034177609,0.0557187790475029,-1.18202423747701,-1.09033155981261,0.827017868707679,-0.100496384695953,-1.65627074553877,0.356511817099089,0.269935278342628,-1.15260336299003,0.473108715340719,0.643635049728466,1.74630324524807,-3.31892875672626
